Model,AUC,LogLoss,GAUC,Time (ms)
MACGNN,0.814022,0.503371,0.77262,0.0081
DIEN,0.772750,0.546671,0.74922,0.0077
DIN,0.715416,0.644510,0.70502,0.0042
DEEPFM,0.649816,0.639139,0.50665,0.0017
